"source_job","group","group_name","fisheries","status","n_used","variance_z","raw_multiplier","continuous_divisor","recommended_divisor"
12306,1,"Main longline","1,2,3,4,6,7,8,10,11","ok",979,87.8464993512663,0.0113834928811604,87.8464993512663,88
12306,2,"Offshore longline","5,9","ok",156,81.1263526377473,0.0123264508693653,81.1263526377473,81
12306,3,"Purse seine, set type unavailable","12,17,18","ok",54,141.81037612523,0.00705167017621419,141.81037612523,142
12306,4,"Associated purse seine","19,25,26","ok",93,72.480070026701,0.0137968961623741,72.480070026701,72
12306,5,"Unassociated purse seine","20,27,28","ok",46,45.1678978521611,0.0221396179045812,45.1678978521611,45
12306,6,"Handline","14,15","ok",134,117.673202936332,0.0084981115075202,117.673202936332,118
12306,7,"Other extraction fisheries","13,16,21,22,23,24","ok",240,387.793777113596,0.00257869016734395,387.793777113596,388
12306,8,"Regional index fisheries","29,30,31,32,33","ok",697,72.27571952337,0.0138359051503687,72.27571952337,72
