fishery,index,n,lambda_raw_mean,source_sigma,source_flag92,sigma_mle,recommended_flag92,source_job,lambda_convention
29,R1,292,1.06073133485787,0.35,35,0.378651437002446,38,12307,fishery-mean-normalized
30,R2,292,1.02266273212514,0.24,24,0.255049656107531,26,12307,fishery-mean-normalized
31,R3,292,0.996426248463818,0.21,21,0.204009092056804,20,12307,fishery-mean-normalized
32,R4,290,1.04751462306105,0.24,24,0.232095460447151,23,12307,fishery-mean-normalized
33,R5,292,0.990231135407572,0.23,23,0.216711580346962,22,12307,fishery-mean-normalized
