"source_job","group","group_name","fisheries","status","n_used","variance_z","raw_multiplier","continuous_divisor","recommended_divisor"
12307,1,"Main longline","1,2,3,4,6,7,8,10,11","ok",979,89.812236132148,0.011134340297781,89.812236132148,90
12307,2,"Offshore longline","5,9","ok",156,83.8996023574672,0.0119190076222215,83.8996023574672,84
12307,3,"Purse seine, set type unavailable","12,17,18","ok",54,138.809178393912,0.00720413456495078,138.809178393912,139
12307,4,"Associated purse seine","19,25,26","ok",93,69.4051073466692,0.0144081615637468,69.4051073466692,69
12307,5,"Unassociated purse seine","20,27,28","ok",46,46.8025034305833,0.021366378434931,46.8025034305833,47
12307,6,"Handline","14,15","ok",134,119.276357301793,0.0083838911802932,119.276357301793,119
12307,7,"Other extraction fisheries","13,16,21,22,23,24","ok",240,411.04783356531,0.00243280688606552,411.04783356531,411
12307,8,"Regional index fisheries","29,30,31,32,33","ok",697,64.6214457853821,0.0154747388865479,64.6214457853821,65
