"source_job","group","n_used","mean_ess","median_ess","post_var_z"
12307,1,979,8.65065472704574,11.1111111111111,0.997913734801645
12307,2,156,11.5091050900488,11.9047619047619,0.998804789969847
12307,3,54,5.54330995203837,6.48158597122302,0.998627182690014
12307,4,93,12.0068388187627,14.4927536231884,1.00587112096622
12307,5,46,5.87040360777058,3.41489361702128,0.99579794533156
12307,6,134,2.46155775743133,1.38235294117647,1.00232233026717
12307,7,240,1.26007704785077,1.07907542579075,1.00011638337058
12307,8,697,10.7557432203951,15.3846153846154,0.994176089005879
12307,0,2399,8.3699228599138,11.1111111111111,NA
