"source_job","group","n_used","mean_ess","median_ess","post_var_z"
12292,1,979,8.84726051629678,11.3636363636364,0.995648025540575
12292,2,156,11.7898149702939,12.1951219512195,1.00355896696141
12292,3,54,5.54330995203837,6.48158597122302,1.00024189772742
12292,4,93,12.0068388187627,14.4927536231884,0.995175501111903
12292,5,46,6.13131043478261,3.56666666666667,1.00390713616444
12292,6,134,2.48241841639261,1.39406779661017,1.0013553111275
12292,7,240,1.29472916666667,1.10875,0.999626660129283
12292,8,697,9.57703163459838,13.6986301369863,0.995965968054783
12292,0,2399,8.135583295326,11.3636363636364,NA
