"fishery","n","mean_obs","mean_pred","mean_residual","weighted_variance_mle","sigma_mle","current_flag92","recommended_flag92"
29,292,-5.58219178081475e-07,-7.68493150685031e-06,7.12671232876732e-06,0.137477505101978,0.370779590999799,35,37
30,292,3.70890410958621e-06,3.31164383561806e-06,3.97260273968423e-07,0.0635674854677611,0.252125931763794,24,25
31,292,-1.9623287671226e-06,1.50167808218203e-07,-2.11249657534083e-06,0.0392554776310564,0.198129951372972,21,20
32,290,-1.86551724138073e-06,1.3517241379324e-06,-3.2172413793111e-06,0.051478847706217,0.226889505500402,24,23
33,292,5.58219178081979e-07,1.07671232876701e-06,-5.18493150686427e-07,0.0457767712380305,0.213955068269089,23,21
