"source_job","group","n_used","mean_ess","median_ess","post_var_z"
12306,1,979,8.84726051629678,11.3636363636364,0.998255674446208
12306,2,156,11.9353682415321,12.3456790123457,1.00155990910799
12306,3,54,5.42619776995305,6.34465105633803,0.99866462060021
12306,4,93,11.5065538679809,13.8888888888889,1.00666763925974
12306,5,46,6.13131043478261,3.56666666666667,1.00373106338136
12306,6,134,2.48241841639261,1.39406779661017,0.997230533358743
12306,7,240,1.33477233676976,1.1430412371134,0.999468497715453
12306,8,697,9.71004596285669,13.8888888888889,1.00382943782458
12306,0,2399,8.16566962282856,11.3636363636364,NA
