"source_job","group","group_name","fisheries","status","n_used","variance_z","raw_multiplier","continuous_divisor","recommended_divisor"
12291,1,"Main longline","1,2,3,4,6,7,8,10,11","ok",979,87.522595661986,0.0114256209203623,87.522595661986,88
12291,2,"Offshore longline","5,9","ok",156,85.5344769587874,0.0116911920848224,85.5344769587874,86
12291,3,"Purse seine, set type unavailable","12,17,18","ok",54,133.67074062824,0.00748106874623489,133.67074062824,134
12291,4,"Associated purse seine","19,25,26","ok",93,73.7309029344887,0.0135628340383749,73.7309029344887,74
12291,5,"Unassociated purse seine","20,27,28","ok",46,44.5528801634041,0.0224452380257428,44.5528801634041,45
12291,6,"Handline","14,15","ok",134,115.238304491722,0.00867767019317641,115.238304491722,115
12291,7,"Other extraction fisheries","13,16,21,22,23,24","ok",240,397.066060888671,0.00251847261325208,397.066060888671,397
12291,8,"Regional index fisheries","29,30,31,32,33","ok",697,63.7134333151398,0.0156952772432431,63.7134333151398,64
